{"cameraMode":{"drawMode":0,"name":"Shaded","section":"Shading Mode"},"sceneLighting":true,"audioPlay":false,"sceneViewState":{"showFog":true,"showMaterialUpdate":false,"showSkybox":true,"showFlares":true,"showImageEffects":true,"showParticleSystems":true},"in2DMode":false,"pivot":{"x":435.5284118652344,"y":210.15110778808595,"z":-28.931514739990236},"rotation":{"x":-0.0033094482496380808,"y":-0.00990235898643732,"z":0.000032766591175459325,"w":-0.9999456405639648},"size":193.30386352539063,"orthographic":false}